Block_entry_state_re_wr_d_rd_proc_U0.grp_Block_entry_state_re_wr_d_rd_proc_Pipeline_1_fu_151,Loop 1,upc_loop_status1.csv
Block_entry_state_re_wr_d_rd_proc_U0.grp_qaoaStep_hls_3_1_s_fu_159.grp_build_feasible_superposition_3_s_fu_58,VITIS_LOOP_60_2,upc_loop_status2.csv
Block_entry_state_re_wr_d_rd_proc_U0.grp_qaoaStep_hls_3_1_s_fu_159.grp_applyCost_hls_3_s_fu_66,VITIS_LOOP_86_1_VITIS_LOOP_61_1,upc_loop_status3.csv
Block_entry_state_re_wr_d_rd_proc_U0.grp_qaoaStep_hls_3_1_s_fu_159.grp_applyMixer_hls_3_s_fu_80,VITIS_LOOP_132_4,seq_loop_status1.csv
Block_entry_state_re_wr_d_rd_proc_U0.grp_qaoaStep_hls_3_1_s_fu_159.grp_applyMixer_hls_3_s_fu_80,VITIS_LOOP_131_3,seq_loop_status2.csv
Block_entry_state_re_wr_d_rd_proc_U0.grp_qaoaStep_hls_3_1_s_fu_159.grp_applyMixer_hls_3_s_fu_80,VITIS_LOOP_127_2,seq_loop_status3.csv
Block_entry_state_re_wr_d_rd_proc_U0.grp_qaoaStep_hls_3_1_s_fu_159.grp_applyMixer_hls_3_s_fu_80.grp_applyMixer_hls_3_Pipeline_VITIS_LOOP_61_1_fu_262,VITIS_LOOP_61_1,upc_loop_status4.csv
Block_entry_state_re_wr_d_rd_proc_U0.grp_qaoaStep_hls_3_1_s_fu_159.grp_applyMixer_hls_3_s_fu_80.grp_applyMixer_hls_3_Pipeline_2_fu_271,Loop 1,upc_loop_status5.csv
Block_entry_state_re_wr_d_rd_proc_U0.grp_qaoaStep_hls_3_1_s_fu_159.grp_applyMixer_hls_3_s_fu_80.grp_applyMixer_hls_3_Pipeline_3_fu_277,Loop 1,upc_loop_status6.csv
Block_entry_state_re_wr_d_rd_proc_U0.grp_qaoaStep_hls_3_1_s_fu_159.grp_applyMixer_hls_3_s_fu_80.grp_applyMixer_hls_3_Pipeline_VITIS_LOOP_116_1_fu_283,VITIS_LOOP_116_1,upc_loop_status7.csv
Block_entry_state_re_wr_d_rd_proc_U0.grp_qaoaStep_hls_3_1_s_fu_159.grp_applyMixer_hls_3_s_fu_80.grp_applyMixer_hls_3_Pipeline_VITIS_LOOP_166_7_fu_293,VITIS_LOOP_166_7,upc_loop_status8.csv
Block_entry_state_re_wr_d_rd_proc_U0.grp_qaoaStep_hls_3_1_s_fu_159.grp_applyMixer_hls_3_s_fu_80.grp_applyMixer_hls_3_Pipeline_VITIS_LOOP_134_5_fu_307,VITIS_LOOP_134_5,upc_loop_status9.csv
Block_entry_state_re_wr_d_rd_proc_U0.grp_qaoaStep_hls_3_1_s_fu_159.grp_applyMixer_hls_3_s_fu_80.grp_applyMixer_hls_3_Pipeline_VITIS_LOOP_140_6_fu_319,VITIS_LOOP_140_6,upc_loop_status10.csv
Block_entry_state_re_wr_d_rd_proc_U0.grp_expectation_cost_3_s_fu_175.grp_expectation_cost_3_Pipeline_VITIS_LOOP_177_1_fu_144,VITIS_LOOP_177_1,upc_loop_status11.csv
