,Block_entry_state_re_wr_d_rd_proc_U0,,status1.csv
,Block_entry_proc_proc_U0,,status2.csv
,AESL_inst_qaoa_kernel,,module_status1.csv
Block_entry_state_re_wr_d_rd_proc_U0,grp_Block_entry_state_re_wr_d_rd_proc_Pipeline_1_fu_151,,module_status2.csv
Block_entry_state_re_wr_d_rd_proc_U0,grp_qaoaStep_hls_3_1_s_fu_159,,module_status3.csv
Block_entry_state_re_wr_d_rd_proc_U0.grp_qaoaStep_hls_3_1_s_fu_159,grp_build_feasible_superposition_3_s_fu_58,,module_status4.csv
Block_entry_state_re_wr_d_rd_proc_U0.grp_qaoaStep_hls_3_1_s_fu_159,grp_applyCost_hls_3_s_fu_66,,module_status5.csv
Block_entry_state_re_wr_d_rd_proc_U0.grp_qaoaStep_hls_3_1_s_fu_159.grp_applyCost_hls_3_s_fu_66,grp_costHamiltonian_3_s_fu_209,,module_status6.csv
Block_entry_state_re_wr_d_rd_proc_U0.grp_qaoaStep_hls_3_1_s_fu_159,grp_applyMixer_hls_3_s_fu_80,,module_status7.csv
Block_entry_state_re_wr_d_rd_proc_U0.grp_qaoaStep_hls_3_1_s_fu_159.grp_applyMixer_hls_3_s_fu_80,grp_applyMixer_hls_3_Pipeline_VITIS_LOOP_61_1_fu_262,,module_status8.csv
Block_entry_state_re_wr_d_rd_proc_U0.grp_qaoaStep_hls_3_1_s_fu_159.grp_applyMixer_hls_3_s_fu_80,grp_applyMixer_hls_3_Pipeline_2_fu_271,,module_status9.csv
Block_entry_state_re_wr_d_rd_proc_U0.grp_qaoaStep_hls_3_1_s_fu_159.grp_applyMixer_hls_3_s_fu_80,grp_applyMixer_hls_3_Pipeline_3_fu_277,,module_status10.csv
Block_entry_state_re_wr_d_rd_proc_U0.grp_qaoaStep_hls_3_1_s_fu_159.grp_applyMixer_hls_3_s_fu_80,grp_applyMixer_hls_3_Pipeline_VITIS_LOOP_116_1_fu_283,,module_status11.csv
Block_entry_state_re_wr_d_rd_proc_U0.grp_qaoaStep_hls_3_1_s_fu_159.grp_applyMixer_hls_3_s_fu_80,grp_applyMixer_hls_3_Pipeline_VITIS_LOOP_166_7_fu_293,,module_status12.csv
Block_entry_state_re_wr_d_rd_proc_U0.grp_qaoaStep_hls_3_1_s_fu_159.grp_applyMixer_hls_3_s_fu_80,grp_applyMixer_hls_3_Pipeline_VITIS_LOOP_134_5_fu_307,,module_status13.csv
Block_entry_state_re_wr_d_rd_proc_U0.grp_qaoaStep_hls_3_1_s_fu_159.grp_applyMixer_hls_3_s_fu_80,grp_applyMixer_hls_3_Pipeline_VITIS_LOOP_140_6_fu_319,,module_status14.csv
Block_entry_state_re_wr_d_rd_proc_U0,grp_expectation_cost_3_s_fu_175,,module_status15.csv
Block_entry_state_re_wr_d_rd_proc_U0.grp_expectation_cost_3_s_fu_175,grp_expectation_cost_3_Pipeline_VITIS_LOOP_177_1_fu_144,,module_status16.csv
